zakcrusted,b881e06c-8d18-3a60-bd7c-9480b29ac9c9
llama98,05978635-b8a5-3b42-b8f2-cc664ba446d3
naels,46c053a1-e41c-3cf8-ab6b-ecf75ff48b27
garythy,3b92c14e-12e8-3997-9425-26254d182da8
falskim,35f37d5e-4617-3514-ad3d-d8399ea50532
pepeg,4c509e33-1fa4-3a6d-ab21-ba93102bf4fb
masdim,e47a7443-bb8b-3847-9f98-23dda11ae56b
kekoy,2eb4501d-49f2-345e-a9fd-ae2d92a5493c
lfx2ejxq0mboin,718545ad-d88e-3155-b679-c0bccbbac24c
ronaldo,b0d023e6-52a5-3e2c-b5e8-440a40696884
miauwaug,fb1b7aa6-9e01-37c8-b416-f8443d56dcd9
zul,fb5ef5f9-157e-3b16-9d4c-09f6d417b3bd
keysa_lle_hanafi,b3019c43-3c06-3ee7-ac52-a6c2ad57227e
kaze,ef868698-0517-38d2-b786-34aa5e0da8f1
nox720,9fdaede8-eb6a-30b9-8446-404faa5dd6dc
brotherwood,4e51992c-2021-3458-a9bf-898faf91ee20
draay,3f743a6f-8e8c-3f98-b2f1-6c6b8478cda7
